season,circuit_id,level_2,podium
2012,hungaroring,grid,0.9373913043478261
2007,hungaroring,grid,0.922077922077922
1958,boavista,grid,0.9214285714285714
2010,bahrain,grid,0.9147826086956522
2010,hockenheimring,grid,0.9034782608695652
2016,monza,grid,0.8994918125352908
1998,hockenheimring,grid,0.8948051948051948
2016,rodriguez,grid,0.8927159796725014
2013,americas,grid,0.8870694522868436
2011,valencia,grid,0.8843478260869565
2016,suzuka,grid,0.8802936194240542
2008,magny_cours,grid,0.8751879699248121
2019,monaco,grid,0.8721804511278195
2009,suzuka,grid,0.8706766917293233
2014,catalunya,grid,0.8667419536984754
2008,istanbul,grid,0.8661654135338346
2016,silverstone,grid,0.8588368153585545
2007,bahrain,grid,0.8565782044042913
1995,okayama,grid,0.8530434782608696
2010,villeneuve,grid,0.8521739130434782
2019,ricard,grid,0.8511278195488722
1995,magny_cours,grid,0.8504347826086956
2013,monza,grid,0.8464144551101073
2007,spa,grid,0.8430265386787126
2015,red_bull_ring,grid,0.8421052631578947
2016,hockenheimring,grid,0.8407679277244494
2013,yas_marina,grid,0.8407679277244494
2003,monaco,grid,0.8406015037593985
2019,marina_bay,grid,0.8406015037593985
2011,marina_bay,grid,0.8391304347826087
2014,sochi,grid,0.8376623376623377
2018,villeneuve,grid,0.8360902255639098
1995,estoril,grid,0.8304347826086956
2009,silverstone,grid,0.8300751879699249
1957,nurburgring,grid,0.8295652173913044
2015,catalunya,grid,0.8285714285714286
1999,spa,grid,0.8272162619988707
2011,sepang,grid,0.8269565217391305
1965,zandvoort,grid,0.8259803921568627
2007,istanbul,grid,0.8226990400903444
2015,shanghai,grid,0.8225563909774436
2018,shanghai,grid,0.8195488721804511
2011,istanbul,grid,0.8139130434782609
2016,yas_marina,grid,0.8102766798418972
2006,imola,grid,0.8046301524562394
2009,catalunya,grid,0.8045112781954887
2019,hungaroring,grid,0.8030075187969925
2016,hungaroring,grid,0.8023715415019763
2004,hungaroring,grid,0.8015037593984963
2015,bahrain,grid,0.8
2018,ricard,grid,0.7969924812030075
2017,sochi,grid,0.7954887218045112
2011,suzuka,grid,0.7947826086956522
1997,monza,grid,0.7933370976849238
1998,nurburgring,grid,0.7899491812535291
2012,buddh,grid,0.7878260869565218
2010,shanghai,grid,0.7852173913043479
2004,magny_cours,grid,0.7834586466165413
2013,monaco,grid,0.7809147374364765
2007,monza,grid,0.7809147374364765
2016,shanghai,grid,0.7809147374364765
2005,silverstone,grid,0.7804511278195488
2017,monaco,grid,0.7789473684210526
2008,interlagos,grid,0.7789473684210526
2014,monza,grid,0.7775268210050819
2001,hungaroring,grid,0.7763975155279503
2019,catalunya,grid,0.7759398496240602
2010,interlagos,grid,0.7713043478260869
2007,magny_cours,grid,0.769621682665161
2015,rodriguez,grid,0.7684210526315789
2010,catalunya,grid,0.7626086956521739
2019,rodriguez,grid,0.762406015037594
2013,nurburgring,grid,0.7605872388481084
2008,bahrain,grid,0.7583286278938453
1999,monaco,grid,0.7583286278938453
2010,istanbul,grid,0.7582608695652174
2015,silverstone,grid,0.7578947368421053
2012,villeneuve,grid,0.7556521739130435
2002,hungaroring,grid,0.7548872180451128
2011,yeongam,grid,0.7547826086956522
2013,shanghai,grid,0.753811405985319
2006,silverstone,grid,0.753811405985319
2017,monza,grid,0.7533834586466165
2014,shanghai,grid,0.7515527950310559
2014,interlagos,grid,0.7481940144478845
2010,yas_marina,grid,0.7469565217391304
2012,silverstone,grid,0.7434782608695653
2015,yas_marina,grid,0.7428571428571429
2000,hungaroring,grid,0.7425183512140033
2011,interlagos,grid,0.7417391304347826
2013,yeongam,grid,0.7413890457368718
2018,hungaroring,grid,0.7413533834586467
1998,interlagos,grid,0.7402597402597403
2004,bahrain,grid,0.7398496240601504
2009,bahrain,grid,0.7398496240601504
2006,shanghai,grid,0.735742518351214
2017,hungaroring,grid,0.7353383458646616
2005,interlagos,grid,0.7338345864661654
2009,istanbul,grid,0.7308270676691729
2002,indianapolis,grid,0.7263157894736842
1999,monza,grid,0.7255787690570299
1969,monza,grid,0.725
1996,estoril,grid,0.724812030075188
2017,bahrain,grid,0.724812030075188
2005,catalunya,grid,0.7234262125902993
2014,villeneuve,grid,0.7233201581027668
2006,catalunya,grid,0.7221908526256352
2009,valencia,grid,0.7203007518796992
2008,valencia,grid,0.718796992481203
2019,albert_park,grid,0.718796992481203
1997,magny_cours,grid,0.717673630717109
2015,villeneuve,grid,0.7172932330827068
2000,sepang,grid,0.7165443252399775
2009,marina_bay,grid,0.7157894736842105
2016,villeneuve,grid,0.7120271033314511
2003,magny_cours,grid,0.7112781954887218
2019,shanghai,grid,0.7112781954887218
2006,magny_cours,grid,0.7108977978543196
2018,marina_bay,grid,0.7082706766917293
2013,bahrain,grid,0.7075098814229249
2018,albert_park,grid,0.706766917293233
1997,interlagos,grid,0.7052512704686618
2011,shanghai,grid,0.7026086956521739
2017,yas_marina,grid,0.7022556390977444
1997,catalunya,grid,0.7018633540372671
2010,monza,grid,0.7017391304347826
2002,hockenheimring,grid,0.6974025974025974
2015,interlagos,grid,0.6962406015037594
2006,istanbul,grid,0.6962168266516092
1952,essarts,grid,0.6948372588097725
2011,nurburgring,grid,0.6939130434782609
2011,hungaroring,grid,0.6939130434782609
2008,hungaroring,grid,0.6932330827067669
2003,imola,grid,0.6932330827067669
2011,catalunya,grid,0.6921739130434783
2013,suzuka,grid,0.691699604743083
2006,hockenheimring,grid,0.691699604743083
2000,magny_cours,grid,0.6894409937888198
2018,interlagos,grid,0.687218045112782
2019,silverstone,grid,0.6842105263157895
2012,bahrain,grid,0.6834782608695652
1951,pedralbes,grid,0.6827067669172933
1953,reims,grid,0.6815384615384615
2015,suzuka,grid,0.681203007518797
1964,rodriguez,grid,0.6807017543859649
2015,monaco,grid,0.6796992481203008
1986,jerez,grid,0.676923076923077
2013,albert_park,grid,0.6758893280632411
2014,bahrain,grid,0.6725014116318464
2018,monaco,grid,0.6721804511278195
2004,albert_park,grid,0.6721804511278195
2005,monza,grid,0.6706766917293233
1952,zandvoort,grid,0.6699091442885924
1996,catalunya,grid,0.665725578769057
2011,buddh,grid,0.6652173913043479
2019,yas_marina,grid,0.6646616541353384
2007,monaco,grid,0.6634669678147939
2013,villeneuve,grid,0.6634669678147939
2018,sochi,grid,0.6631578947368421
1957,essarts,grid,0.6623796106044557
1998,hungaroring,grid,0.6623376623376623
2014,spa,grid,0.6612083568605308
1998,galvez,grid,0.6612083568605308
2012,yeongam,grid,0.6608695652173913
2018,monza,grid,0.6601503759398496
2014,americas,grid,0.6594427244582043
2004,silverstone,grid,0.6586466165413534
2001,suzuka,grid,0.6578204404291361
1986,villeneuve,grid,0.6576923076923077
2016,BAK,grid,0.655561829474873
2018,suzuka,grid,0.6541353383458647
1986,hungaroring,grid,0.6540170940170941
2001,nurburgring,grid,0.6533032185206098
1996,albert_park,grid,0.6533032185206098
2007,silverstone,grid,0.6533032185206098
2006,monza,grid,0.6533032185206098
1998,magny_cours,grid,0.6533032185206098
1993,adelaide,grid,0.6521739130434783
2014,red_bull_ring,grid,0.6510446075663467
2006,suzuka,grid,0.6476566911349521
2017,silverstone,grid,0.6466165413533834
2007,indianapolis,grid,0.6453980801806889
1964,brands_hatch,grid,0.6446153846153846
1973,anderstorp,grid,0.6441331290134912
2000,catalunya,grid,0.6431394692264257
2004,catalunya,grid,0.6421052631578947
2013,hungaroring,grid,0.6420101637492942
2008,sepang,grid,0.6420101637492942
2005,magny_cours,grid,0.6406015037593985
2004,imola,grid,0.6390977443609023
1973,silverstone,grid,0.6339901477832512
2012,catalunya,grid,0.6321739130434783
2003,hungaroring,grid,0.631578947368421
2004,interlagos,grid,0.631578947368421
2012,hockenheimring,grid,0.6313043478260869
2009,sepang,grid,0.6300751879699248
2008,spa,grid,0.6300751879699248
2009,yas_marina,grid,0.6285714285714286
2007,interlagos,grid,0.6261998870694523
2014,suzuka,grid,0.6261998870694523
1951,reims,grid,0.6253127522876084
2012,americas,grid,0.6252173913043478
1986,estoril,grid,0.6245421245421245
1996,magny_cours,grid,0.6239412761151891
2013,catalunya,grid,0.6228119706380576
2019,bahrain,grid,0.6225563909774436
2004,monza,grid,0.6225563909774436
2010,marina_bay,grid,0.6217391304347826
2009,spa,grid,0.6210526315789474
2016,albert_park,grid,0.6205533596837944
2007,albert_park,grid,0.6205533596837944
2003,villeneuve,grid,0.6135338345864662
2008,shanghai,grid,0.6120300751879699
2007,sepang,grid,0.6103896103896104
1971,kyalami,grid,0.61
1999,hungaroring,grid,0.6092603049124788
2013,spa,grid,0.6092603049124788
2011,yas_marina,grid,0.6086956521739131
2012,shanghai,grid,0.6078260869565217
1987,detroit,grid,0.6075213675213675
2014,sepang,grid,0.6058723884810842
1996,galvez,grid,0.6002258610954263
1958,silverstone,grid,0.6
2003,silverstone,grid,0.6
2007,nurburgring,grid,0.5990965556182948
2004,shanghai,grid,0.5984962406015037
2017,rodriguez,grid,0.5984962406015037
2000,imola,grid,0.5979672501411631
1995,catalunya,grid,0.5965811965811966
2011,silverstone,grid,0.5956521739130435
2018,catalunya,grid,0.5939849624060151
2014,marina_bay,grid,0.5923207227555054
1998,albert_park,grid,0.5923207227555054
2017,albert_park,grid,0.592230396134193
2019,americas,grid,0.5909774436090226
2002,spa,grid,0.5909774436090226
2017,suzuka,grid,0.58796992481203
2008,catalunya,grid,0.5878035008469791
1996,nurburgring,grid,0.5832862789384529
2010,albert_park,grid,0.5791304347826087
2017,spa,grid,0.5789473684210527
2001,imola,grid,0.5765104460756635
2007,catalunya,grid,0.5765104460756635
2013,buddh,grid,0.5765104460756635
2014,silverstone,grid,0.5765104460756635
2018,spa,grid,0.5759398496240602
2019,villeneuve,grid,0.5759398496240602
2006,nurburgring,grid,0.5753811405985318
1961,aintree,grid,0.5739252885689164
2013,interlagos,grid,0.5731225296442688
2017,red_bull_ring,grid,0.5729323308270676
1985,imola,grid,0.5722508054224442
2000,suzuka,grid,0.5719932241671372
1993,hockenheimring,grid,0.5705982905982906
2002,silverstone,grid,0.5688311688311688
2002,suzuka,grid,0.5684210526315789
1996,suzuka,grid,0.5669172932330827
1965,spa,grid,0.5666905158436801
1953,bremgarten,grid,0.5636905330585611
2017,americas,grid,0.5593984962406015
1970,tremblant,grid,0.5593984962406015
2002,interlagos,grid,0.5573122529644269
2008,monaco,grid,0.556390977443609
1950,monaco,grid,0.5558441558441558
1973,galvez,grid,0.5554892348224776
2002,villeneuve,grid,0.5550536420101637
1984,estoril,grid,0.554945054945055
1986,brands_hatch,grid,0.5541880341880342
2010,silverstone,grid,0.551304347826087
2001,spa,grid,0.549407114624506
1986,detroit,grid,0.5466666666666666
1951,nurburgring,grid,0.5460191981931113
2019,red_bull_ring,grid,0.544360902255639
2011,monza,grid,0.542608695652174
2012,monaco,grid,0.5417391304347826
2004,hockenheimring,grid,0.5413533834586466
2017,interlagos,grid,0.5413533834586466
1955,zandvoort,grid,0.5411764705882353
1977,long_beach,grid,0.5403726708074534
1972,galvez,grid,0.5403726708074534
2005,hungaroring,grid,0.5398496240601504
1995,hungaroring,grid,0.5391304347826087
2016,sochi,grid,0.5381140598531903
1951,bremgarten,grid,0.5376623376623376
2005,albert_park,grid,0.5368421052631579
1972,mosport,grid,0.5356521739130434
2015,marina_bay,grid,0.5353383458646617
2019,sochi,grid,0.5353383458646617
2010,monaco,grid,0.5321739130434783
2006,bahrain,grid,0.5302089215132694
1995,imola,grid,0.5295726495726496
2010,valencia,grid,0.528695652173913
1996,imola,grid,0.5279503105590062
1953,galvez,grid,0.5264786795048143
2008,hockenheimring,grid,0.5263157894736842
2016,red_bull_ring,grid,0.525691699604743
2016,bahrain,grid,0.525691699604743
2009,monza,grid,0.524812030075188
1952,silverstone,grid,0.5245943280343733
2016,marina_bay,grid,0.52343308865048
2018,yas_marina,grid,0.5233082706766917
1985,estoril,grid,0.5223983720046317
1976,kyalami,grid,0.5187941096608524
2003,interlagos,grid,0.5172932330827068
2009,shanghai,grid,0.5142857142857142
1986,ricard,grid,0.5138461538461538
2017,shanghai,grid,0.512781954887218
2000,spa,grid,0.5121400338791643
1957,pescara,grid,0.5117647058823529
2004,spa,grid,0.5097744360902255
1993,spa,grid,0.5090604420362654
1965,monza,grid,0.508893280632411
2002,imola,grid,0.50869576226217
1969,mosport,grid,0.5067669172932331
2017,villeneuve,grid,0.5067669172932331
2006,villeneuve,grid,0.5053642010163749
1953,silverstone,grid,0.5052509040724696
2012,sepang,grid,0.5043478260869565
2019,suzuka,grid,0.5037593984962406
1950,spa,grid,0.5032967032967033
1968,spa,grid,0.5025799793601651
1965,charade,grid,0.5024509803921569
2005,sepang,grid,0.5022556390977444
1996,silverstone,grid,0.4997176736307171
1987,jacarepagua,grid,0.4990118577075099
1999,sepang,grid,0.49858836815358554
1959,monsanto,grid,0.4970588235294118
1970,rodriguez,grid,0.49432404540763675
1977,kyalami,grid,0.49333741088528543
1998,catalunya,grid,0.4896103896103896
1969,nurburgring,grid,0.4894872823896922
1985,brands_hatch,grid,0.4883070379007262
2010,hungaroring,grid,0.48782608695652174
1997,spa,grid,0.4872953133822699
1955,galvez,grid,0.4868357779152641
1959,zandvoort,grid,0.4857142857142857
2010,suzuka,grid,0.4852173913043478
1964,spa,grid,0.4840623457714146
1974,kyalami,grid,0.4829059829059829
2001,magny_cours,grid,0.4816487859966121
2004,suzuka,grid,0.48120300751879697
1971,mosport,grid,0.48102564102564105
1994,interlagos,grid,0.4789272030651341
2003,catalunya,grid,0.4781954887218045
2015,sepang,grid,0.4781954887218045
1986,hockenheimring,grid,0.47555555555555556
1960,reims,grid,0.4749759507088333
2003,osterreichring,grid,0.47368421052631576
2005,monaco,grid,0.47368421052631576
2009,monaco,grid,0.47368421052631576
2013,marina_bay,grid,0.47261434217955955
1996,hungaroring,grid,0.47218045112781953
2018,rodriguez,grid,0.47218045112781953
1984,villeneuve,grid,0.47213675213675216
1972,brands_hatch,grid,0.4707692307692308
1999,osterreichring,grid,0.46922642574816487
1950,indianapolis,grid,0.4682427971379181
2014,hungaroring,grid,0.46696781479390176
1985,monza,grid,0.46661357208374693
1953,monza,grid,0.46583710390047767
2008,monza,grid,0.46466165413533833
2015,monza,grid,0.4643657129181652
1996,villeneuve,grid,0.4624505928853755
1971,montjuic,grid,0.4613212874082439
1998,imola,grid,0.4613212874082439
1959,indianapolis,grid,0.4587203706885087
2000,villeneuve,grid,0.4579333709768492
1973,ricard,grid,0.45692307692307693
2012,monza,grid,0.45652173913043476
2016,interlagos,grid,0.4556747600225861
1998,suzuka,grid,0.4556747600225861
2013,silverstone,grid,0.4556747600225861
1953,nurburgring,grid,0.4554767284364468
1975,interlagos,grid,0.45524509456243895
2001,sepang,grid,0.45454545454545453
2005,istanbul,grid,0.45263157894736844
2009,nurburgring,grid,0.45263157894736844
2016,monaco,grid,0.45235435056937806
1959,monza,grid,0.45098818520386585
1954,galvez,grid,0.45098039215686275
1987,silverstone,grid,0.45021985592368924
1951,silverstone,grid,0.4496240601503759
1973,zandvoort,grid,0.44956521739130434
1971,zandvoort,grid,0.4480809475639133
2005,nurburgring,grid,0.44661654135338347
1969,charade,grid,0.44505494505494503
1984,nurburgring,grid,0.4441025641025641
2005,shanghai,grid,0.4421052631578947
1964,essarts,grid,0.4411764705882353
2001,catalunya,grid,0.4409937888198758
1999,catalunya,grid,0.4409937888198758
2004,indianapolis,grid,0.4406015037593985
1993,kyalami,grid,0.44005767623088843
2014,hockenheimring,grid,0.4398644833427442
2002,nurburgring,grid,0.4398644833427442
1975,ricard,grid,0.4379487179487179
2001,albert_park,grid,0.4376058723884811
2013,sepang,grid,0.4376058723884811
2012,interlagos,grid,0.4365217391304348
1997,suzuka,grid,0.4363764135696531
1997,jerez,grid,0.435347261434218
2003,sepang,grid,0.4345864661654135
1951,monza,grid,0.4337036342945053
2003,monza,grid,0.4330827067669173
1992,estoril,grid,0.4297435897435897
1995,nurburgring,grid,0.42869565217391303
1969,silverstone,grid,0.4264705882352941
1998,monza,grid,0.42631281761716544
1986,jacarepagua,grid,0.42615384615384616
2008,fuji,grid,0.42406015037593986
2015,americas,grid,0.42406015037593986
1960,galvez,grid,0.42352237600621345
1997,hockenheimring,grid,0.42292490118577075
2016,spa,grid,0.42066629023150764
1993,interlagos,grid,0.42017094017094014
1985,villeneuve,grid,0.4153846153846154
2002,catalunya,grid,0.4150197628458498
1993,suzuka,grid,0.41391304347826086
1967,kyalami,grid,0.41382868937048506
2015,hungaroring,grid,0.41353383458646614
1987,osterreichring,grid,0.41333333333333333
1987,estoril,grid,0.41333333333333333
1975,watkins_glen,grid,0.41304347826086957
2002,osterreichring,grid,0.4127611518915867
1971,silverstone,grid,0.41105676034200767
1965,monaco,grid,0.4106781726142675
2000,monaco,grid,0.4105025409373235
1997,albert_park,grid,0.40956521739130436
2018,hockenheimring,grid,0.4075187969924812
1997,imola,grid,0.40711462450592883
2002,sepang,grid,0.4059853190287973
2001,villeneuve,grid,0.4048560135516657
1966,brands_hatch,grid,0.4045112781954887
1975,zolder,grid,0.4043478260869565
1953,zandvoort,grid,0.4002525873676453
1995,monaco,grid,0.39623931623931624
1993,magny_cours,grid,0.3927538075048099
2008,marina_bay,grid,0.3924812030075188
2012,suzuka,grid,0.39217391304347826
1985,zandvoort,grid,0.39076923076923076
2001,indianapolis,grid,0.3890457368718238
2008,silverstone,grid,0.3879699248120301
1969,rodriguez,grid,0.3872549019607843
2007,shanghai,grid,0.3867871259175607
1972,nivelles,grid,0.3861538461538462
1968,kyalami,grid,0.38580049619909573
1996,interlagos,grid,0.3856578204404291
1972,watkins_glen,grid,0.3852188214862951
2008,albert_park,grid,0.3845285149632976
1977,fuji,grid,0.383399209486166
1953,indianapolis,grid,0.38252977707905783
1998,spa,grid,0.38226990400903443
1976,anderstorp,grid,0.38156288156288154
1968,essarts,grid,0.3799019607843137
2018,silverstone,grid,0.37894736842105264
1974,interlagos,grid,0.37846153846153846
2017,sepang,grid,0.3773922756388532
2015,albert_park,grid,0.3766769865841073
1966,rodriguez,grid,0.3746130030959752
1995,interlagos,grid,0.372991452991453
1975,galvez,grid,0.3725296442687747
1984,brands_hatch,grid,0.3705528188286809
1986,imola,grid,0.36957264957264957
2012,marina_bay,grid,0.36695652173913046
1999,suzuka,grid,0.3664653831438649
1969,zandvoort,grid,0.36428571428571427
1953,spa,grid,0.3640584149001257
2006,indianapolis,grid,0.36307171089779783
2016,americas,grid,0.3619424054206663
1987,suzuka,grid,0.3614163614163614
1958,nurburgring,grid,0.36
1986,adelaide,grid,0.35863247863247866
1999,silverstone,grid,0.3585544889892716
1987,ricard,grid,0.3565811965811966
1984,dijon,grid,0.3558974358974359
1994,jerez,grid,0.35530481888921017
1972,charade,grid,0.3546153846153846
2019,BAK,grid,0.35430621638103044
1997,hungaroring,grid,0.35290796160361376
2006,interlagos,grid,0.35177865612648224
2018,bahrain,grid,0.35037593984962406
1985,spa,grid,0.35030950334640987
1950,reims,grid,0.3496040276283052
2002,monaco,grid,0.3495200451722191
1973,monaco,grid,0.34923076923076923
1952,indianapolis,grid,0.3488772994925854
2010,sepang,grid,0.34695652173913044
1952,nurburgring,grid,0.34692837367589036
1972,osterreichring,grid,0.34692307692307695
1971,monza,grid,0.3443478260869565
2015,spa,grid,0.34285714285714286
1950,monza,grid,0.3421057544742768
2004,sepang,grid,0.34135338345864663
1993,silverstone,grid,0.3408547008547009
1986,rodriguez,grid,0.33886143400444574
1972,nurburgring,grid,0.33821733821733824
1967,spa,grid,0.33746130030959753
1971,watkins_glen,grid,0.3359605911330049
1986,spa,grid,0.3353846153846154
1987,jerez,grid,0.3339438339438339
1996,spa,grid,0.33383458646616543
1987,adelaide,grid,0.3333333333333333
1952,bremgarten,grid,0.3322884026627201
1997,silverstone,grid,0.33145115753811405
1976,zandvoort,grid,0.3308913308913309
1966,nurburgring,grid,0.32952617978821713
1954,spa,grid,0.328933345901443
2017,BAK,grid,0.32781954887218046
2019,monza,grid,0.324812030075188
1960,monza,grid,0.3235294117647059
1987,hungaroring,grid,0.3230769230769231
2000,nurburgring,grid,0.3220779220779221
2014,yas_marina,grid,0.3218045112781955
2016,sepang,grid,0.32128740824393
1996,monaco,grid,0.32128740824393
1958,galvez,grid,0.3212121212121212
1951,spa,grid,0.31868131868131866
2006,albert_park,grid,0.3178994918125353
2014,monaco,grid,0.3178994918125353
1951,indianapolis,grid,0.3166757813030055
1973,montjuic,grid,0.3156408808582722
2005,suzuka,grid,0.31278195488721805
1952,spa,grid,0.31225296442687744
2010,yeongam,grid,0.31217391304347825
1973,osterreichring,grid,0.31126482213438733
2001,monza,grid,0.3111236589497459
1985,detroit,grid,0.30846153846153845
1976,osterreichring,grid,0.30846153846153845
1985,silverstone,grid,0.30735042735042734
1984,detroit,grid,0.3064713064713065
1960,silverstone,grid,0.3052042089736808
1985,kyalami,grid,0.3051948051948052
1957,monza,grid,0.3039822860166234
2004,nurburgring,grid,0.3037593984962406
2003,albert_park,grid,0.2992481203007519
1999,hockenheimring,grid,0.2987012987012987
1961,zandvoort,grid,0.2978042504433212
2003,hockenheimring,grid,0.29761365907098913
2011,monaco,grid,0.2956521739130435
1997,villeneuve,grid,0.2941840767927724
1971,osterreichring,grid,0.2919254658385093
1955,aintree,grid,0.289430833092781
1960,riverside,grid,0.2875494071146245
1954,silverstone,grid,0.2821414806842777
1993,catalunya,grid,0.28136752136752136
2000,silverstone,grid,0.28063241106719367
1979,galvez,grid,0.27794871794871795
2001,monaco,grid,0.2761151891586674
1970,spa,grid,0.27450980392156865
2010,spa,grid,0.27391304347826084
1993,estoril,grid,0.27247863247863247
1995,hockenheimring,grid,0.27217391304347827
1993,monaco,grid,0.27111111111111114
1995,galvez,grid,0.2676923076923077
1985,nurburgring,grid,0.2673992673992674
1968,nurburgring,grid,0.2661654135338346
2016,catalunya,grid,0.2648221343873518
2005,bahrain,grid,0.2646616541353383
1959,avus,grid,0.2642857142857143
1985,ricard,grid,0.26222222222222225
1979,osterreichring,grid,0.2619910962641429
1996,hockenheimring,grid,0.26165413533834586
1974,zandvoort,grid,0.2614687458337607
1967,monza,grid,0.26109391124871
1958,ain-diab,grid,0.2592307692307692
2007,fuji,grid,0.25804630152456237
1955,indianapolis,grid,0.25691177477049326
2011,albert_park,grid,0.2524308329098654
2014,albert_park,grid,0.2523997741389046
1968,brands_hatch,grid,0.2518294442315647
1977,interlagos,grid,0.25014116318464147
1975,osterreichring,grid,0.24983888629917128
1950,silverstone,grid,0.24518738480442362
1996,monza,grid,0.24511278195488723
1967,mosport,grid,0.24458204334365324
1993,villeneuve,grid,0.24376068376068377
1973,monza,grid,0.24307692307692308
1973,interlagos,grid,0.2424383368527295
2011,villeneuve,grid,0.2382608695652174
1998,silverstone,grid,0.2354601919819311
2000,indianapolis,grid,0.233201581027668
1956,spa,grid,0.23187699627598762
2019,spa,grid,0.23157894736842105
1962,watkins_glen,grid,0.23015999812019375
2017,catalunya,grid,0.23007518796992482
1975,zandvoort,grid,0.23
1967,silverstone,grid,0.22930359757347865
1964,zandvoort,grid,0.22848373124619456
1994,suzuka,grid,0.22795739737888032
1957,aintree,grid,0.22747589021159736
2018,BAK,grid,0.22556390977443608
1972,monaco,grid,0.22503491545585816
2011,spa,grid,0.2234782608695652
1954,indianapolis,grid,0.2230606376689767
2001,osterreichring,grid,0.2230378317334839
1986,monza,grid,0.22039072039072038
2006,hungaroring,grid,0.21964991530208922
1954,monza,grid,0.21912677047415663
2007,villeneuve,grid,0.21852060982495766
2005,hockenheimring,grid,0.21804511278195488
1995,adelaide,grid,0.21739130434782608
1994,villeneuve,grid,0.21672771672771673
2001,silverstone,grid,0.21626199887069453
1960,spa,grid,0.21403508771929824
2004,monaco,grid,0.21353383458646616
1995,monza,grid,0.21304347826086956
2015,sochi,grid,0.212385931413765
1974,monaco,grid,0.21237000547345375
2018,americas,grid,0.21052631578947367
1973,mosport,grid,0.21025641025641026
1967,watkins_glen,grid,0.20949432404540763
1971,nurburgring,grid,0.20765281660357837
1984,dallas,grid,0.20547008547008547
1995,suzuka,grid,0.20521739130434782
1975,montjuic,grid,0.20273504273504273
1976,interlagos,grid,0.20271033314511575
1965,watkins_glen,grid,0.20123839009287925
1973,watkins_glen,grid,0.20087575259989054
1977,watkins_glen,grid,0.20085470085470086
1974,nivelles,grid,0.19631976513374877
1974,anderstorp,grid,0.19536019536019536
1972,kyalami,grid,0.19384615384615383
1976,mosport,grid,0.19164307255672505
2003,suzuka,grid,0.18947368421052632
1999,magny_cours,grid,0.189158667419537
1978,galvez,grid,0.18914609441266347
1980,osterreichring,grid,0.18684101865153352
2003,nurburgring,grid,0.18345864661654135
1986,osterreichring,grid,0.1829059829059829
1999,albert_park,grid,0.18125352907961603
1954,bremgarten,grid,0.17892156862745098
1979,interlagos,grid,0.17580981459830644
1973,nurburgring,grid,0.17447769621682666
2009,hungaroring,grid,0.17443609022556392
1954,nurburgring,grid,0.17296869728176514
1984,jacarepagua,grid,0.17216117216117216
1956,silverstone,grid,0.17149787663244975
1962,nurburgring,grid,0.17031195968746712
1970,brands_hatch,grid,0.16996047430830039
1982,imola,grid,0.16923076923076924
1995,silverstone,grid,0.16869565217391305
1991,hockenheimring,grid,0.16800733235746068
1964,nurburgring,grid,0.16798418972332016
1987,hockenheimring,grid,0.1664957264957265
1997,nurburgring,grid,0.16544325239977414
1983,kyalami,grid,0.16512820512820514
1959,reims,grid,0.16431394692264256
2018,red_bull_ring,grid,0.16390977443609023
1985,jacarepagua,grid,0.16384615384615384
1977,galvez,grid,0.16363636363636364
1990,adelaide,grid,0.1629371522314469
1966,reims,grid,0.16176470588235295
1995,villeneuve,grid,0.1608695652173913
1984,zandvoort,grid,0.1588222939456771
1956,reims,grid,0.15731469759236763
1974,galvez,grid,0.15615384615384614
1998,monaco,grid,0.1541501976284585
2002,monza,grid,0.15338345864661654
1969,monaco,grid,0.15294117647058825
1965,nurburgring,grid,0.15221486419431463
1982,dijon,grid,0.15218715444843495
1994,catalunya,grid,0.15079365079365079
1987,monza,grid,0.15077714191807443
1973,zolder,grid,0.15019762845849802
1999,villeneuve,grid,0.14963297571993225
2005,spa,grid,0.14887218045112782
1975,silverstone,grid,0.1484518503636431
1968,watkins_glen,grid,0.1476085587417965
1955,monza,grid,0.14525691699604742
1956,indianapolis,grid,0.14447666635694073
2005,indianapolis,grid,0.14285714285714285
1975,anderstorp,grid,0.14256410256410257
1980,watkins_glen,grid,0.14088551246101458
1958,monza,grid,0.13996743446495033
2005,imola,grid,0.13984962406015036
2000,osterreichring,grid,0.13946922642574816
1984,zolder,grid,0.13736263736263737
1958,reims,grid,0.13570126651950026
1970,kyalami,grid,0.1324110671936759
1973,kyalami,grid,0.13
1993,hungaroring,grid,0.12957264957264958
2019,interlagos,grid,0.1293233082706767
2001,interlagos,grid,0.1293054771315641
1988,imola,grid,0.12928959321335465
1984,hockenheimring,grid,0.1288156288156288
1967,rodriguez,grid,0.12704178862030566
1983,villeneuve,grid,0.1265204902018211
2006,monaco,grid,0.12478825522303783
1982,ricard,grid,0.12305561993355299
1960,boavista,grid,0.12142857142857143
1972,jarama,grid,0.11726495726495727
1960,indianapolis,grid,0.11521550373147146
1990,hockenheimring,grid,0.11407905283531287
1994,silverstone,grid,0.11328958926568301
1978,zandvoort,grid,0.11085257457330398
1971,ricard,grid,0.10968379446640317
1979,hockenheimring,grid,0.10686478926563724
1999,imola,grid,0.1067193675889328
1991,adelaide,grid,0.10670424537929266
1958,zandvoort,grid,0.10629514963880289
2012,spa,grid,0.10347826086956521
1980,zolder,grid,0.10300034844253951
1990,interlagos,grid,0.10163406525327875
1959,sebring,grid,0.1002117288069765
1961,watkins_glen,grid,0.09953145788623981
2012,yas_marina,grid,0.09913043478260869
1976,watkins_glen,grid,0.09768009768009768
1988,jerez,grid,0.0919546304672522
1969,kyalami,grid,0.09184726522187822
2000,albert_park,grid,0.08752117447769622
2009,albert_park,grid,0.08721804511278196
1978,ricard,grid,0.08689233570818232
1990,rodriguez,grid,0.08642352487523704
1991,catalunya,grid,0.0850407484772332
2006,sepang,grid,0.08413325804630152
1957,indianapolis,grid,0.08140811943759564
1967,nurburgring,grid,0.08133108139888642
2004,villeneuve,grid,0.081203007518797
1964,watkins_glen,grid,0.08004046593372305
1991,magny_cours,grid,0.07950964288521806
1983,imola,grid,0.0763533241522973
1974,watkins_glen,grid,0.07612195534993463
1985,osterreichring,grid,0.07548542204106612
1975,kyalami,grid,0.07469946153528004
1970,osterreichring,grid,0.07217201626335541
1994,magny_cours,grid,0.07028916122323392
1965,silverstone,grid,0.06690479530902513
1966,zandvoort,grid,0.06372549019607843
1958,spa,grid,0.06315789473684211
2008,villeneuve,grid,0.06315789473684211
1975,monza,grid,0.06312242321615916
1988,ricard,grid,0.06199447517717004
1961,spa,grid,0.05885924624266094
1976,monza,grid,0.056927747611702675
1961,monza,grid,0.05623284644749894
1966,watkins_glen,grid,0.056140350877192984
1987,imola,grid,0.04798720511772548
1954,reims,grid,0.045736871823828344
1966,monaco,grid,0.04537204527083857
1990,estoril,grid,0.04499731540945097
1989,jerez,grid,0.04263560560511695
1978,watkins_glen,grid,0.04212454212454213
1982,villeneuve,grid,0.039679159080615055
1992,silverstone,grid,0.03618264908109926
1992,suzuka,grid,0.033846153846153845
1968,rodriguez,grid,0.033766233766233764
1993,monza,grid,0.03316239316239316
1968,zandvoort,grid,0.03291275967231771
1966,spa,grid,0.03248762998259073
1998,osterreichring,grid,0.032185206098249576
1987,spa,grid,0.031794871794871796
1993,donington,grid,0.03111111111111111
1992,adelaide,grid,0.03111111111111111
1988,hockenheimring,grid,0.030190618023082875
1974,jarama,grid,0.026454484872592283
1983,brands_hatch,grid,0.025615659659637507
1979,long_beach,grid,0.02550965937308765
1976,ricard,grid,0.025021631165757955
1957,galvez,grid,0.02381156501060097
1983,spa,grid,0.023429720407744624
1992,imola,grid,0.023396202334965283
1970,watkins_glen,grid,0.021848558760538695
2000,hockenheimring,grid,0.017504234895539244
1979,dijon,grid,0.01747884700843096
1963,watkins_glen,grid,0.014753512643664696
1992,monaco,grid,0.014519152179039792
1980,ricard,grid,0.014357624328354007
1994,adelaide,grid,0.014057832244646731
1990,ricard,grid,0.013597301247037315
1981,dijon,grid,0.012567339864051159
1968,tremblant,grid,0.012395530151376132
1994,spa,grid,0.01130139454961798
1988,monza,grid,0.011292673917030944
1997,osterreichring,grid,0.009599096555618294
1987,monaco,grid,0.007583952786593615
1994,estoril,grid,0.0019295063865200856
1992,monza,grid,0.0008269313085085724
1999,nurburgring,grid,-0.000564652738565782
2000,monza,grid,-0.0016939582156973462
2009,interlagos,grid,-0.004511278195488722
1967,lemans,grid,-0.007142857142857143
1994,imola,grid,-0.008103032673439023
1999,interlagos,grid,-0.010728402032749858
1979,kyalami,grid,-0.01241010455988046
1992,hockenheimring,grid,-0.013136375781035999
1998,villeneuve,grid,-0.017504234895539244
1987,rodriguez,grid,-0.0177901802542236
1991,interlagos,grid,-0.020511183237056224
2012,albert_park,grid,-0.023267537642126704
1954,pedralbes,grid,-0.02403929394315182
1988,rodriguez,grid,-0.02604228882907139
1983,osterreichring,grid,-0.026117927496101048
1977,silverstone,grid,-0.02880784162507898
1963,george,grid,-0.029535917813071813
1991,monza,grid,-0.029729692557081498
2002,albert_park,grid,-0.033314511575381144
1988,adelaide,grid,-0.0361826490810992
1976,fuji,grid,-0.03658119658119658
1995,spa,grid,-0.03826086956521739
2000,interlagos,grid,-0.039980813812950065
2017,marina_bay,grid,-0.0406015037593985
1990,imola,grid,-0.04125282920711311
1965,rodriguez,grid,-0.04156978340430064
2002,magny_cours,grid,-0.04201526832173941
1988,monaco,grid,-0.0426356056051169
1972,monza,grid,-0.04452629116487357
1989,hungaroring,grid,-0.045862083867125744
1994,hungaroring,grid,-0.04603250950698073
1950,bremgarten,grid,-0.04643962848297214
1990,silverstone,grid,-0.046783934799128325
1997,monaco,grid,-0.04799548277809147
1984,osterreichring,grid,-0.0483544956654423
1959,aintree,grid,-0.0493598147482755
1989,spa,grid,-0.049549487595135805
1982,zandvoort,grid,-0.05369781678914729
1981,osterreichring,grid,-0.054133031412815794
1988,hungaroring,grid,-0.05508059318715103
1963,rodriguez,grid,-0.05821753066037645
1974,mosport,grid,-0.06107262424516746
1994,monza,grid,-0.06532757337218219
1991,estoril,grid,-0.06798650623518647
1984,kyalami,grid,-0.06837606837606838
1956,monza,grid,-0.06955530003888775
1983,jacarepagua,grid,-0.07028916122323398
1990,phoenix,grid,-0.0721348354291978
2019,hockenheimring,grid,-0.07368421052631578
1988,jacarepagua,grid,-0.07397853729320285
1989,hockenheimring,grid,-0.07443946275920411
1988,suzuka,grid,-0.07443946275920411
1990,spa,grid,-0.07766594102121296
1976,nurburgring,grid,-0.0780071867693146
1992,catalunya,grid,-0.07904871741921676
1993,imola,grid,-0.0817094017094017
1992,rodriguez,grid,-0.08365797207922944
1980,hockenheimring,grid,-0.08411293090585643
1991,hungaroring,grid,-0.08457982301123193
1992,hungaroring,grid,-0.08550167394323441
1988,silverstone,grid,-0.08688445034123825
1997,galvez,grid,-0.08752117447769622
1982,detroit,grid,-0.08890140705403625
1992,magny_cours,grid,-0.08965000313724583
1983,ricard,grid,-0.09040821056342671
2012,valencia,grid,-0.09043478260869565
1979,jarama,grid,-0.09113970225824704
1992,spa,grid,-0.09149370500125088
1991,phoenix,grid,-0.09241555593325342
1970,hockenheimring,grid,-0.09298633369365687
1982,las_vegas,grid,-0.09515244418741826
1988,estoril,grid,-0.09610295966126353
1988,spa,grid,-0.09794666152526858
1977,mosport,grid,-0.10028095428447763
1989,estoril,grid,-0.10255591618528125
1970,zandvoort,grid,-0.1037013698199648
1980,villeneuve,grid,-0.10484713452587487
1990,villeneuve,grid,-0.110852574573304
1994,hockenheimring,grid,-0.11218701418767148
1962,aintree,grid,-0.11240063187396572
1974,brands_hatch,grid,-0.11260317536228488
1969,watkins_glen,grid,-0.11352560078290015
1992,kyalami,grid,-0.1145399783013141
1989,suzuka,grid,-0.11546182923331663
1963,silverstone,grid,-0.11695348921471224
1991,rodriguez,grid,-0.11776645656332295
1979,monza,grid,-0.11966249049148761
1976,zolder,grid,-0.12167555881027642
1983,monza,grid,-0.12456242344294342
1991,silverstone,grid,-0.1274458913493495
1977,hockenheimring,grid,-0.1291216364414064
1989,monza,grid,-0.12928959321335456
2005,villeneuve,grid,-0.13233082706766916
1983,hockenheimring,grid,-0.13259870882635916
2003,indianapolis,grid,-0.13533834586466165
1981,galvez,grid,-0.13666982102155603
1990,monza,grid,-0.13712532613537606
1989,monaco,grid,-0.13896902799938116
1980,zandvoort,grid,-0.14085893430957303
1982,osterreichring,grid,-0.14314633339209226
1966,monza,grid,-0.1450732386927046
1964,monza,grid,-0.14564739642167998
1963,zandvoort,grid,-0.14728769334399766
1981,las_vegas,grid,-0.1480794442448265
1961,nurburgring,grid,-0.1481875373194064
1967,zandvoort,grid,-0.14950980392156862
1978,jarama,grid,-0.15080807836861357
1983,detroit,grid,-0.1514041514041514
1981,jarama,grid,-0.15146688251186502
1961,reims,grid,-0.1532577174454203
1980,brands_hatch,grid,-0.1541884003958015
1981,long_beach,grid,-0.15447355249562844
1956,galvez,grid,-0.15465692290010047
1976,monaco,grid,-0.15595250925833146
1984,imola,grid,-0.15629001730813197
1975,nurburgring,grid,-0.15692307692307692
1980,kyalami,grid,-0.1595499873219835
1984,monza,grid,-0.1617826617826618
1979,zandvoort,grid,-0.1620208095317726
1982,kyalami,grid,-0.1633980776974481
1991,suzuka,grid,-0.16478085409545187
1983,silverstone,grid,-0.16604845051921227
1982,monza,grid,-0.16708548142545823
1978,anderstorp,grid,-0.16792178018814014
1958,indianapolis,grid,-0.1685966892443678
1963,reims,grid,-0.1689970906329352
1988,villeneuve,grid,-0.16939010875546454
1994,monaco,grid,-0.17029421257169303
1991,villeneuve,grid,-0.17077288515346833
1990,jerez,grid,-0.17174368028005116
1989,imola,grid,-0.1809132454054961
2001,hockenheimring,grid,-0.18351214003387917
1986,monaco,grid,-0.1868094228548997
1989,silverstone,grid,-0.18967082925952017
1979,zolder,grid,-0.19658837723601538
1977,dijon,grid,-0.19691194619957925
1994,okayama,grid,-0.19763658273356377
1962,george,grid,-0.20183322420102656
1981,imola,grid,-0.20227845651744272
1978,jacarepagua,grid,-0.20513569798540734
1991,monaco,grid,-0.210412475229577
1983,zandvoort,grid,-0.21195702698758925
1968,monaco,grid,-0.21200467444875198
1964,zeltweg,grid,-0.21203007518796993
1971,monaco,grid,-0.21440064854392493
1970,charade,grid,-0.21591774401280137
1983,long_beach,grid,-0.217482934137771
1990,hungaroring,grid,-0.21870913361759975
1961,monaco,grid,-0.22566746966809578
1978,monza,grid,-0.22599052438671233
1968,jarama,grid,-0.22637362637362637
1982,jacarepagua,grid,-0.22654486653962128
1985,adelaide,grid,-0.22846153846153847
1955,monaco,grid,-0.2294320632001462
1990,monaco,grid,-0.23530245039364522
1991,spa,grid,-0.23714615225765034
1992,interlagos,grid,-0.2376070777236516
1960,zandvoort,grid,-0.240916256945504
1974,monza,grid,-0.24100656368517465
1981,monza,grid,-0.24244379596947083
1989,adelaide,grid,-0.24313818331566678
1956,nurburgring,grid,-0.24348323644389128
1985,monaco,grid,-0.2435194262215657
1982,hockenheimring,grid,-0.24410216852125208
1963,spa,grid,-0.24686432284575693
1977,osterreichring,grid,-0.25051299077168704
1989,jacarepagua,grid,-0.2546613199656984
1982,brands_hatch,grid,-0.25512224543169965
1977,monza,grid,-0.25647746879005895
1978,hockenheimring,grid,-0.25696138854249306
1990,suzuka,grid,-0.25871117178544695
1989,ricard,grid,-0.2597315000917123
1979,villeneuve,grid,-0.2601383749137671
1978,kyalami,grid,-0.26526260568372745
1969,montjuic,grid,-0.2703296703296703
1989,rodriguez,grid,-0.2712546367417439
1952,monza,grid,-0.2729506002030634
1980,long_beach,grid,-0.28028579667091036
1962,zandvoort,grid,-0.2872057524246658
1976,brands_hatch,grid,-0.2873870280517881
1979,silverstone,grid,-0.28837317587777045
1977,anderstorp,grid,-0.2889000922031419
1980,imola,grid,-0.2900390840960343
1977,jarama,grid,-0.2904789313998516
1988,detroit,grid,-0.292457208177802
1974,nurburgring,grid,-0.29439892942346557
1982,long_beach,grid,-0.29614461190581215
1978,osterreichring,grid,-0.29842569533313723
1981,jacarepagua,grid,-0.30051416626155963
1989,villeneuve,grid,-0.3030584938958311
1981,hockenheimring,grid,-0.31117198370117083
1981,zolder,grid,-0.3126121600724115
1992,villeneuve,grid,-0.3131988541478589
1979,monaco,grid,-0.31440693042989815
1982,zolder,grid,-0.31697502670038397
1976,jarama,grid,-0.3189031168540544
1981,villeneuve,grid,-0.3271297526454337
1956,monaco,grid,-0.33305889818157447
1974,dijon,grid,-0.3376742309992785
1959,monaco,grid,-0.3481844581249936
1979,watkins_glen,grid,-0.3527774995244396
1977,zandvoort,grid,-0.35329936968996895
1980,galvez,grid,-0.36525550669068363
1977,zolder,grid,-0.3719043627994669
1976,long_beach,grid,-0.3723853554539535
1955,spa,grid,-0.37420544081535556
1981,zandvoort,grid,-0.37460676839718277
1978,monaco,grid,-0.390114620095596
1968,monza,grid,-0.39409659329907937
1965,george,grid,-0.4087183519787675
1960,monaco,grid,-0.4105948798643793
1978,brands_hatch,grid,-0.41091505294012687
1977,monaco,grid,-0.4159517676556659
1980,interlagos,grid,-0.41824889533691384
1978,zolder,grid,-0.4268172216468528
1978,long_beach,grid,-0.4292732177990828
1962,essarts,grid,-0.43616876092444345
1983,monaco,grid,-0.44273408041871465
1962,monza,grid,-0.4507587795058073
1978,villeneuve,grid,-0.45079911057367644
1980,monaco,grid,-0.45318595144867924
1963,nurburgring,grid,-0.4550688221181828
1974,osterreichring,grid,-0.46340167230570745
1970,monaco,grid,-0.47218956894806613
1962,monaco,grid,-0.4733452669657558
1984,monaco,grid,-0.47426436779512937
1963,monaco,grid,-0.486274652798421
1967,monaco,grid,-0.49106986318561957
1964,monaco,grid,-0.5043403641278524
1982,monaco,grid,-0.5085020048066873
1981,silverstone,grid,-0.520073028518145
1991,imola,grid,-0.5211118264555601
1989,phoenix,grid,-0.5243027175764378
1975,monaco,grid,-0.5271554102895565
1957,monaco,grid,-0.533032705815124
1970,monza,grid,-0.5360943890780501
1963,monza,grid,-0.5415628601862726
1962,spa,grid,-0.5574997624248611
1970,jarama,grid,-0.5838528750968519
1981,monaco,grid,-0.6082856576346071
1958,monaco,grid,-0.7219489685502639
